model,var,horizon,bias,variance,mse,rmse,mae,crps,cov_80,cov_95,width_80,width_95,winkler_80,winkler_95,trace_msfe,avg_crps
VAR(1),0,1,0.04920995735055579,1.1895328115167596,1.1895753657961696,1.0906765633294637,0.8559061791004678,0.6110268249958065,0.784,0.93,2.5469371891432617,3.8952042944016396,3.8912159697261304,5.5099864662297,,
VAR(1),0,2,0.03859892189214198,1.1579961039829016,1.157169988546171,1.0757183593051534,0.8603615164646987,0.609900383092652,0.812,0.97,2.8744005602954075,4.3960163030401995,3.7459200444716267,4.954853220877585,,
VAR(1),0,3,-0.015462797450221057,1.264992168600045,1.262701282367832,1.123699818620539,0.9139622305963729,0.6371545658646628,0.81,0.964,2.975685637302821,4.550918461051716,3.9196939653531384,5.058756761230123,,
VAR(1),0,4,0.01315200078016708,1.5280256740995803,1.525142597875902,1.2349666383655478,0.992309676522913,0.700365145130828,0.762,0.942,3.012590909941692,4.607360204916365,4.310476981458309,5.708541311192304,,
VAR(1),0,5,-0.013464251124157545,1.470458692422263,1.4676990610957543,1.2114863024796254,0.9804661017539307,0.6858193211925798,0.786,0.944,3.027215025420277,4.629725859498202,4.215723811132758,5.5767542992674,,
VAR(1),0,6,0.006118050911956415,1.4864976395462146,1.4835620748140814,1.2180156299547562,0.9678992354022541,0.6885786488471756,0.784,0.94,3.0333224398875056,4.639066343889356,4.302872504838674,5.768332355770539,,
VAR(1),0,7,0.0060578327582959095,1.3016722073701557,1.2991055602931443,1.1397831198491861,0.9073276057054916,0.6447290097470956,0.796,0.96,3.0359688621790935,4.643113697518229,4.043075172540708,5.269826942048414,,
VAR(1),0,8,-0.003555568907205096,1.4768747994478497,1.4739336919192105,1.2140567086916536,0.9676657857229735,0.6848203642171334,0.792,0.942,3.037148222757023,4.644917373874046,4.2435688113665995,5.7280058219357315,,
VAR(1),0,9,0.011270793357027941,1.5678830410507025,1.5648743057514978,1.2509493617854792,0.9810263277647611,0.7020483616981904,0.778,0.934,3.0376858532780604,4.645739608801264,4.453852258854329,6.2772795177993554,,
VAR(1),0,10,-0.06432353791907432,1.4461649728189692,1.447410160403756,1.203083604910214,0.9570772359713571,0.6819942273466022,0.768,0.954,3.0379356840160683,4.646121691943209,4.2674205938258725,5.479252182321381,,
VAR(1),0,11,-0.022930313111267104,1.5756853230562478,1.5730597516695202,1.2542167881468977,1.0196172569380424,0.7140251038578374,0.764,0.936,3.038053734586288,4.64630223471043,4.363821377787063,5.79497014463319,,
VAR(1),0,12,-0.04872243059351646,1.3856808089241208,1.385283322549212,1.1769805956553456,0.9529841428511903,0.6688931943935902,0.804,0.948,3.0381103530567795,4.6463888251887315,4.147234785668352,5.431907149901521,,
VAR(1),0,13,-0.06851343205571789,1.3446399771621362,1.3466447875798655,1.1604502520917757,0.9212079641556714,0.6575647941376485,0.798,0.954,3.0381378756860933,4.646430917417917,4.102851131738334,5.4742055368058145,,
VAR(1),0,14,-0.091667506407853,1.3432894135228672,1.3490057664268549,1.1614670750507115,0.9408145663067565,0.6603208413084303,0.784,0.956,3.0381514195579715,4.646451630982482,4.049487846882026,5.18252476273489,,
VAR(1),0,15,-0.09073687902902991,1.363758767148569,1.3692644308302013,1.1701557293070872,0.9317586280110781,0.6626687431738323,0.802,0.956,3.038158159650149,4.646461939063928,4.047479019895986,5.4532842225920195,,
VAR(1),0,16,-0.012063683555005955,1.46976904352876,1.4669750379026192,1.2111874495314998,0.9690761167822904,0.6812063817300342,0.804,0.938,3.0381615485302493,4.646467121908792,4.256670377172641,5.951252308939783,,
VAR(1),0,17,0.08830908102007222,1.348422829427232,1.353524477558987,1.1634107088895937,0.9261841857902272,0.6592555967651307,0.814,0.934,3.038163268604612,4.646469752535516,4.156304589224959,5.4624410558762175,,
VAR(1),0,18,0.0118573556773357,1.415212382776732,1.412522554894837,1.1884959212781663,0.9495067043128528,0.672042887100991,0.804,0.938,3.0381641492504414,4.6464710993670995,4.1817172661786435,5.603871393733366,,
VAR(1),0,19,-0.03229399903902835,1.444504897587328,1.4426587901660861,1.2011073183384098,0.9690460618434459,0.6794177095298355,0.8,0.954,3.0381646037214955,4.646471794420588,4.158786686064087,5.658324618656581,,
VAR(1),0,20,-0.0680959157062672,1.3849678477565728,1.3868349657969348,1.1776395738072556,0.9276447102105674,0.6585210840934692,0.808,0.95,3.038164839972388,4.6464721557351485,4.169951804378921,5.734376738549602,,
VAR(1),0,21,-0.11752778046280479,1.2608791708065132,1.2721701916454142,1.1279052228114799,0.8937762912012954,0.6359739569682742,0.824,0.95,3.038164963606087,4.646472344816581,4.0708377338820005,5.456285777887674,,
VAR(1),0,22,-0.10492985917478796,1.3589594181807005,1.367251774690781,1.1692954180577213,0.9615948022642076,0.6695487739743325,0.802,0.972,3.0381650287017674,4.646472444371835,4.000939583143801,5.276099336307952,,
VAR(1),0,23,-0.036688288917550285,1.4076434676733438,1.406174211281696,1.1858221668031408,0.9611908640733698,0.6720809835432129,0.796,0.944,3.038165063168176,4.646472497083649,4.1250381263056495,5.578719103428491,,
VAR(1),0,24,-0.09195962982294206,1.517891657754948,1.523312447956612,1.2342254445426946,1.003076521285869,0.7031499846621185,0.756,0.96,3.038165081510946,4.6464725251365,4.261946244687347,5.521428524578406,,
VAR(1),0,avg_all,-0.02743174498036983,1.3963084631733966,1.3969106916588807,1.1810331571501416,0.9463116962930035,0.6683794536404777,0.793,0.94875,3.00637418640936,4.5978525467363935,4.145286945274082,5.537969981387418,,
VAR(1),1,1,0.029721325590252094,1.121657213470319,1.1202972562382203,1.0584409554803802,0.8481885892121293,0.5993014858482599,0.772,0.93,2.55401296595183,3.9060257611925944,3.744216742450989,5.017711202074448,,
VAR(1),1,2,-0.003922207198346593,1.1757875841136152,1.1734513926546961,1.0832596146144728,0.8534642858233353,0.6100087510617567,0.816,0.952,2.9084150970647324,4.448037047902192,3.894263175044752,5.187978200781404,,
VAR(1),1,3,0.050481310339921454,1.5143339443789552,1.5138536391838324,1.2303875971350786,0.9881052822744634,0.6993427423418466,0.772,0.934,3.0307578876374315,4.635144199684038,4.315331797965425,5.892550922369964,,
VAR(1),1,4,-0.02831015465336148,1.5969053175327044,1.5945129717541353,1.262740262981321,0.9985769356080498,0.7089234632239471,0.786,0.94,3.0795817348365038,4.709813830364262,4.5461978779172645,6.336113864712996,,
VAR(1),1,5,0.061556896234032876,1.4519733012344775,1.4528586061059763,1.2053458450195844,0.9721886526513234,0.6827204983775469,0.812,0.952,3.1002392156445646,4.741406720953814,4.175031297110701,5.715893534093224,,
VAR(1),1,6,0.0951922565901246,1.3834528861858617,1.3897475461282105,1.1788755431037707,0.9465712272041771,0.6688779047354995,0.81,0.956,3.1092715979912056,4.755220557688887,4.14885915033151,5.351442292889402,,
VAR(1),1,7,0.01697217327700199,1.4887555185702956,1.4860660621988986,1.2190430928391738,0.9493001280588342,0.6829596204401683,0.792,0.946,3.1133157690908546,4.761405583649407,4.39269690943738,6.0257733225762795,,
VAR(1),1,8,0.04155066753386121,1.5064629217284105,1.505176453857462,1.2268563297540025,0.9652439436048635,0.6879682018939782,0.812,0.94,3.115162590186084,4.7642300527771795,4.361706883514216,6.0260441962718225,,
VAR(1),1,9,-0.07949068393770894,1.3333824390925766,1.3370344430472754,1.156302055281091,0.9489755552677196,0.6601493274838359,0.82,0.962,3.1160208831244587,4.765542698551754,3.9684475870390457,5.365417212847943,,
VAR(1),1,10,0.047004603368481376,1.453448908606987,1.4527514435276008,1.205301391158079,0.9769792151807374,0.684593006684266,0.802,0.936,3.1164262048725715,4.766162584672451,4.293663277742318,5.637638766358357,,
VAR(1),1,11,0.006868068959961141,1.5520695064980885,1.5490125378563304,1.2445933222769316,0.9801585801381185,0.6980222416177415,0.802,0.94,3.1166204593147246,4.766459671204676,4.496397765311304,6.306478783201005,,
VAR(1),1,12,-0.11130650412680285,1.625987777280399,1.6351249395867669,1.2787200395656457,1.0025960032993988,0.7180297878374664,0.782,0.934,3.116714833602588,4.766604004222744,4.53378737077228,6.419789281566378,,
VAR(1),1,13,-0.03738272479881535,1.6324861427472699,1.6306186385751593,1.2769567880610366,1.023322627271616,0.7203497394985013,0.778,0.934,3.1167612621474845,4.76667501055468,4.463952656840369,6.024776319000733,,
VAR(1),1,14,-0.04948368644036031,1.6679398688325013,1.6670526243185642,1.2911439208386353,1.0295800508134885,0.730488563179212,0.764,0.924,3.116784368401484,4.76671034852068,4.604408388087779,6.110946995117641,,
VAR(1),1,15,0.0065033996740652,1.4223798246654624,1.419577359223452,1.191460179453536,0.942912663628647,0.6737825548026423,0.812,0.948,3.116795990351025,4.76672812275868,4.26589899407364,5.616502266222879,,
VAR(1),1,16,0.013668911234831398,1.438852394349778,1.4361615286954235,1.1983995697159706,0.9614310720501695,0.6796243448821943,0.798,0.948,3.116801893087321,4.766737150214819,4.226726174540008,5.680668979733477,,
VAR(1),1,17,0.03572933069212164,1.5980362015329275,1.5961167142015709,1.2633751280603758,1.0008587808973515,0.7130076182597964,0.79,0.934,3.1168049179175523,4.766741776293452,4.514298364789056,6.214319831664635,,
VAR(1),1,18,0.053076571945479614,1.7169211506663196,1.7163044308544708,1.3100780247200816,1.0458950484331544,0.741532431968498,0.758,0.932,3.1168064806985547,4.766744166360743,4.61992890313411,6.144365944577236,,
VAR(1),1,19,-0.0030418869514144964,1.5490867025877058,1.545997782258755,1.2433815915714512,0.982778595304892,0.6978798784209768,0.798,0.93,3.116807294181284,4.766745410475216,4.466699318345675,6.082501916265355,,
VAR(1),1,20,-0.036228720446025854,1.674198073353681,1.6721621973921335,1.2931211070089814,1.0386293384745204,0.732352418722692,0.762,0.932,3.1168077205463565,4.766746062544327,4.557919465800648,5.997865839170538,,
VAR(1),1,21,-0.07914950597298845,1.5194395002188719,1.5226652655141997,1.2339632350739627,1.0018385442451059,0.6999817465379092,0.8,0.958,3.1168079454275537,4.766746406470434,4.2512163986225575,5.739010039480669,,
VAR(1),1,22,-0.07978605846115813,1.4178724025338922,1.4214024728535901,1.1922258480898618,0.9699291473486851,0.6791949097303214,0.802,0.958,3.116808064727902,4.7667465889245815,4.143966647671853,5.445985605072873,,
VAR(1),1,23,-0.09919391230685938,1.6729545505365853,1.679448073674254,1.2959352119894938,1.0514432151967208,0.7387993849586911,0.766,0.92,3.1168081283558964,4.766746686235197,4.550934087626288,6.002483450162946,,
VAR(1),1,24,-0.07324363122854527,1.685746214058092,1.6877393511455199,1.299130228709008,1.0582104855560857,0.7416729620770208,0.75,0.932,3.116808162458984,4.766746738391369,4.535936717493616,5.812442186017252,,
VAR(1),1,avg_all,-0.00925892337842719,1.5083387643656572,1.5085472387852707,1.2266265367709135,0.9807157486476493,0.6937318160243652,0.7898333333333334,0.9405,3.0782558944841227,4.70778613252534,4.3363535813192815,5.839779206342893,,
VAR(1),2,1,0.008694945481496966,1.0649260721100788,1.0628718220427862,1.0309567508110058,0.8331028408431873,0.5859655261620194,0.772,0.942,2.5419931741285797,3.887643075931518,3.6019761449992633,4.803826380644525,,
VAR(1),2,2,0.05145060053675978,1.3280799050996606,1.328070909585054,1.1524195892057085,0.9024303299781647,0.6459394369143407,0.792,0.934,2.8715724158693194,4.391691029389696,4.1378906245444504,5.613518618543839,,
VAR(1),2,3,0.06259916643126741,1.4117980298335293,1.4128930894117526,1.1886517948548905,0.9411645699316409,0.6717418216033587,0.768,0.944,2.9732434790673747,4.547183502338608,4.213504587402479,5.543211750532808,,
VAR(1),2,4,0.04884179298738362,1.3339583794286203,1.3336759834119862,1.1548489006844083,0.940147375839213,0.6571424359032166,0.794,0.95,3.0102440358183182,4.603770970677391,4.029075386034891,5.126247160780768,,
VAR(1),2,5,0.01108448319573486,1.496860668302041,1.4939898127331526,1.2222887599635173,1.0037182556694662,0.694912613917808,0.796,0.952,3.0249289799916554,4.626229654719888,4.182436661934367,5.495842996461436,,
VAR(1),2,6,0.011507465595182988,1.5088911924073454,1.5060058317869547,1.2271942925987533,0.9648925304557637,0.6881725586138917,0.778,0.942,3.031077695494675,4.635633303594512,4.368061922328566,5.8741351467619785,,
VAR(1),2,7,0.03710941514732978,1.3246953802792132,1.323423098211231,1.1504012770382477,0.9139097503065989,0.6473082903047154,0.816,0.952,3.0337473266530077,4.639716152122036,4.082330802255473,5.523321077512803,,
VAR(1),2,8,0.056032152037540084,1.2847515583669145,1.285321657312136,1.1337202729563127,0.9100163203951344,0.6434227717107167,0.8,0.954,3.0349379365186047,4.641537032778695,3.9987184824418724,5.2304841330761915,,
VAR(1),2,9,-0.04258752438981113,1.4731723868916042,1.4720397393514744,1.2132764480329594,0.9645372420726005,0.6819020638174336,0.796,0.94,3.035480517913903,4.642366839414697,4.308492759663282,6.163416963175999,,
VAR(1),2,10,-0.10821398365302191,1.4009593455870966,1.409867693153978,1.1873784961645457,0.9248683312374801,0.6651049095674181,0.802,0.938,3.0357324197137796,4.642752089972439,4.270865502021263,5.975815922871995,,
VAR(1),2,11,-0.02924191823157106,1.4770576393441361,1.47495861384731,1.2144787416201694,0.9741565920909744,0.6905907589184277,0.776,0.936,3.0358513350137657,4.642933955229713,4.306002484241269,5.683564008716087,,
VAR(1),2,12,0.021179657392687876,1.5018421838873428,1.4992870774068385,1.224453787370858,0.9728572699943954,0.6911646512534052,0.778,0.938,3.035908333233222,4.643021126483934,4.319213164981885,5.772180430796957,,
VAR(1),2,13,-0.05938522484246738,1.6838876398365379,1.6840464694864563,1.2977081603682918,1.0393129063207411,0.7357191361733365,0.764,0.932,3.0359360381411014,4.64306349748413,4.558196704217558,6.474539375056711,,
VAR(1),2,14,-0.042844892332569454,1.5989979208788534,1.5976356098360855,1.263976111260053,1.0016059847395895,0.7131301061371197,0.772,0.932,3.0359496778664976,4.643084357643998,4.514882094373285,6.2355863033964996,,
VAR(1),2,15,-0.07393414766812055,1.3930733004615454,1.3957534120520338,1.181420082803756,0.9395466082572131,0.664881892134274,0.818,0.942,3.0359564715633227,4.643094747706677,4.19427232287093,5.7969792864034,,
VAR(1),2,16,-0.06164469198729495,1.5030989428485626,1.5038928130130707,1.2263330758864293,0.995589696230874,0.6957768381452465,0.782,0.938,3.035959891194112,4.643099977580669,4.280615575970922,5.749241519398531,,
VAR(1),2,17,-0.04251440151861405,1.385989633017867,1.3850251280883183,1.1768709054472875,0.9469320148701736,0.6671604590955953,0.802,0.956,3.0359616289075118,4.643102635183971,4.068303260660833,5.513584633670712,,
VAR(1),2,18,0.0012973003247304517,1.5651070199509558,1.561978488899185,1.2497913781504435,0.9784021840526874,0.6986357141222732,0.79,0.934,3.0359625195345017,4.6431039972804085,4.4366308212775,6.178110209414776,,
VAR(1),2,19,-0.02953298739880144,1.4285037665739946,1.426518956385544,1.194369689997843,0.942665792517484,0.6735661756618367,0.792,0.942,3.0359629795449443,4.643104700805676,4.2287779377379575,5.701191691609767,,
VAR(1),2,20,0.029877920701328355,1.5713676407966404,1.5691175956604808,1.2526442414590349,1.0079097381997586,0.7114094054166601,0.762,0.93,3.035963218805367,4.643105066722911,4.364171658196443,5.819294711310108,,
VAR(1),2,21,0.04751206583766706,1.4012625340006137,1.4007174053327769,1.1835190768774184,0.9302155307792425,0.6666043639095951,0.804,0.94,3.035963344039109,4.6431052582513965,4.249475826647982,5.731517864879696,,
VAR(1),2,22,-0.017104185611620287,1.3049237721587612,1.3026064777798803,1.1413178688603278,0.9296946771590132,0.6491703434472961,0.808,0.96,3.035963409967111,4.643105359079571,4.0019707480724955,5.247946093719942,,
VAR(1),2,23,-0.0006104404356634767,1.5775725333791952,1.5744177609499619,1.2547580487687504,0.994042556194738,0.7094025819705463,0.776,0.934,3.035963444856836,4.643105412438805,4.471917321741805,6.017240417200944,,
VAR(1),2,24,-0.015514714456606358,1.6286160662519409,1.6255995404841073,1.2749900158370289,1.0287557276872719,0.7244656078558276,0.762,0.934,3.0359634634097303,4.643105440813004,4.4786199796053054,5.9873077650565225,,
VAR(1),2,avg_all,-0.005664256119043867,1.443724729653877,1.4429047910926063,1.1999069902924184,0.9575197844093086,0.6780537692815151,0.7875,0.9415,3.004009322385265,4.594235799318514,4.236100115592587,5.719087685874708,,
VAR(1),-1,1,,,,,,,,,,,,,3.372744444077176,0.598764612335362
VAR(1),-1,2,,,,,,,,,,,,,3.658692290785919,0.6219495236895836
VAR(1),-1,3,,,,,,,,,,,,,4.1894480109634165,0.6694130432699563
VAR(1),-1,4,,,,,,,,,,,,,4.453331553042022,0.6888103480859971
VAR(1),-1,5,,,,,,,,,,,,,4.414547479934885,0.6878174778293121
VAR(1),-1,6,,,,,,,,,,,,,4.379315452729246,0.6818763707321894
VAR(1),-1,7,,,,,,,,,,,,,4.108594720703274,0.6583323068306594
VAR(1),-1,8,,,,,,,,,,,,,4.264431803088811,0.6720704459406094
VAR(1),-1,9,,,,,,,,,,,,,4.373948488150251,0.6813665843331531
VAR(1),-1,10,,,,,,,,,,,,,4.310029297085338,0.6772307145327628
VAR(1),-1,11,,,,,,,,,,,,,4.597030903373163,0.700879368131336
VAR(1),-1,12,,,,,,,,,,,,,4.519695339542821,0.692695877828153
VAR(1),-1,13,,,,,,,,,,,,,4.661309895641478,0.7045445566031624
VAR(1),-1,14,,,,,,,,,,,,,4.613694000581503,0.7013131702082543
VAR(1),-1,15,,,,,,,,,,,,,4.184595202105687,0.6671110633702501
VAR(1),-1,16,,,,,,,,,,,,,4.407029379611119,0.6855358549191579
VAR(1),-1,17,,,,,,,,,,,,,4.3346663198488775,0.6798078913735088
VAR(1),-1,18,,,,,,,,,,,,,4.690805474648493,0.7040703443972537
VAR(1),-1,19,,,,,,,,,,,,,4.415175528810386,0.6836212545375497
VAR(1),-1,20,,,,,,,,,,,,,4.628114758849551,0.7007609694109403
VAR(1),-1,21,,,,,,,,,,,,,4.195552862492393,0.6675200224719263
VAR(1),-1,22,,,,,,,,,,,,,4.0912607253242514,0.6659713423839836
VAR(1),-1,23,,,,,,,,,,,,,4.660040045905915,0.7067609834908167
VAR(1),-1,24,,,,,,,,,,,,,4.8366513395862345,0.7230961848649886
VAR(1),-1,avg_all,,,,,,,,,,,,,4.348362721536759,0.6800550129821193
Chronos-2 (joint),0,1,0.04304246127396849,1.2010114295031808,1.2004620601166949,1.0956559953364444,0.8541843010593501,0.610685169558791,0.762,0.932,2.507284423828125,4.135886331558227,3.9682267889650227,5.4570279452689805,,
Chronos-2 (joint),0,2,0.03258697084212106,1.1945471476649052,1.1932199640382422,1.0923460825389737,0.872483593852933,0.6177951712727944,0.794,0.97,2.838326171875,4.639639871120453,3.835429957356831,5.228363417399486,,
Chronos-2 (joint),0,3,-0.005514947032229449,1.3293842848514694,1.326755930922535,1.1518489184448344,0.9288151770768703,0.651149046791572,0.792,0.972,2.987125,4.880213363647461,4.033738193714571,5.385046957394772,,
Chronos-2 (joint),0,4,0.007363872074645125,1.5570912499423342,1.5540312940543823,1.2466079151258356,0.997714803971244,0.7051367812659635,0.764,0.954,3.0513466796875,4.953325667858124,4.409874225666033,5.848981939650515,,
Chronos-2 (joint),0,5,-0.02107442495167715,1.5111658826513592,1.5085876822731006,1.2282457743762445,0.996274948942463,0.6959337599516573,0.79,0.952,3.08797265625,5.003522932052612,4.286025619842427,5.651650160363981,,
Chronos-2 (joint),0,6,-0.00850938282358094,1.4936009913269195,1.4906861989403044,1.220936607257029,0.9758374479168888,0.6915196346071062,0.794,0.952,3.119734375,5.043770982265473,4.289866709593884,5.7371674026814015,,
Chronos-2 (joint),0,7,-0.007742856579349702,1.3392710225265119,1.3366524323094677,1.1561368570846047,0.9149558454118863,0.6553569864193071,0.804,0.964,3.129546875,5.056457505226136,4.141274246629661,5.539425946407711,,
Chronos-2 (joint),0,8,-0.021241424807434635,1.5106243851206074,1.5080543344782178,1.2280286374829448,0.9790017093948317,0.6922055217867878,0.788,0.96,3.1372578125,5.065541489601135,4.304767732507375,5.842876270572685,,
Chronos-2 (joint),0,9,0.0037311156695820774,1.5902415064406545,1.5870749446519155,1.2597916274733356,0.9864542535511208,0.7066913152136794,0.774,0.948,3.13748046875,5.0817231311798094,4.504148132313852,6.319921227563214,,
Chronos-2 (joint),0,10,-0.06779935060533569,1.4571483198709112,1.4588307751736742,1.2078206717777578,0.9631134998621211,0.6836696303947049,0.778,0.968,3.130693359375,5.089778795242309,4.277694592588419,5.596747985091769,,
Chronos-2 (joint),0,11,-0.019750619876076937,1.587389538444376,1.5846048463529758,1.258810885857354,1.0181694930585423,0.7145263051487135,0.786,0.954,3.137890625,5.091791490077973,4.3995954600203175,5.914784379379051,,
Chronos-2 (joint),0,12,-0.04824713706193772,1.4083233829628554,1.4078345224316027,1.1865220277902988,0.9622816101447701,0.6742691362421014,0.81,0.958,3.1241015625,5.072698718070984,4.173400734646582,5.552031390262517,,
Chronos-2 (joint),0,13,-0.0630429563720426,1.363209671865879,1.3644576668702748,1.1681000243430675,0.9290924202066019,0.6614584636514595,0.818,0.962,3.1223984375,5.067428208827972,4.126972481310499,5.611782748877964,,
Chronos-2 (joint),0,14,-0.08667256968482173,1.3647301916210048,1.3695128655735314,1.170261879056791,0.9508725706797435,0.66515734278003,0.798,0.976,3.13559375,5.078963366508484,4.07615398178475,5.389252533443595,,
Chronos-2 (joint),0,15,-0.08620561346645768,1.377597983841714,1.3822741956671594,1.1757015759397278,0.9355274394021813,0.6649712910393477,0.808,0.968,3.131734375,5.085785632133484,4.074130009073459,5.582540612199824,,
Chronos-2 (joint),0,16,-0.02311202175933351,1.4839307594386832,1.4814970634696105,1.21716763983833,0.9752935315137916,0.6839061844338755,0.806,0.954,3.1350390625,5.10277781867981,4.291700044554696,5.947959445615441,,
Chronos-2 (joint),0,17,0.08993980550501302,1.3715693159877826,1.3769153459700867,1.1734203620059125,0.9291945163948361,0.6631684560710961,0.818,0.958,3.1484453125,5.114197741508484,4.2137899042278,5.638432112170425,,
Chronos-2 (joint),0,18,0.011557947936051824,1.4315433974364284,1.4288138968020474,1.195330036768945,0.9498708572531713,0.673406858271853,0.822,0.962,3.1537109375,5.114182117462158,4.221570713891516,5.721851573446664,,
Chronos-2 (joint),0,19,-0.032082549474778815,1.4537643540682161,1.4518861153408804,1.2049423701326467,0.9700930753549207,0.6808764542285106,0.81,0.966,3.136328125,5.1072075071334835,4.179927307489765,5.7172042271533945,,
Chronos-2 (joint),0,20,-0.07242881905140791,1.4066638073156488,1.4090964135301975,1.1870536691869487,0.9320559349561724,0.6636282010383081,0.806,0.958,3.1384765625,5.098641101837158,4.236738073031624,5.841286835700185,,
Chronos-2 (joint),0,21,-0.12126920528410542,1.2765072999415008,1.2886605054918576,1.135191836427596,0.8986976594390752,0.6402310643472235,0.83,0.97,3.144546875,5.115520007133484,4.117379302584507,5.590905291651916,,
Chronos-2 (joint),0,22,-0.11224035595852351,1.3741402251719894,1.3839898422273422,1.176430976397401,0.967904874169853,0.6729599799151184,0.818,0.98,3.1491484375,5.122591296195984,4.019919749038571,5.578520460275875,,
Chronos-2 (joint),0,23,-0.03746022863886717,1.4104029030522376,1.4089853659758091,1.1870068938198333,0.9603723029132364,0.6723928268488059,0.814,0.966,3.141734375,5.114121570587158,4.129659512095635,5.656094377446214,,
Chronos-2 (joint),0,24,-0.09447170458966418,1.5176428128711268,1.5235324302134623,1.234314558859881,1.0023699530263448,0.702361283352416,0.77,0.974,3.1421796875,5.1102836799621585,4.262610311794645,5.680283964830746,,
Chronos-2 (joint),0,avg_all,-0.030860166446510132,1.4171459109965958,1.4177673622031406,1.1899030759717808,0.9521096591480397,0.672644036026301,0.7980833333333334,0.9615833333333333,3.086170664469401,5.014418763577938,4.190608074363435,5.6679224668686805,,
Chronos-2 (joint),1,1,0.04208641434600574,1.1228195118606354,1.122345139109419,1.0594079191271977,0.8495780914157117,0.6000045780284814,0.758,0.948,2.5004791259765624,4.1321320018768315,3.731629434172362,5.015628894071508,,
Chronos-2 (joint),1,2,0.014573931206809807,1.2029415515277502,1.2007480678955138,1.095786506531046,0.8675420202586659,0.6167806977552491,0.816,0.962,2.867072509765625,4.69180613040924,3.911594152932903,5.197623043463515,,
Chronos-2 (joint),1,3,0.06897657222170663,1.566808310274515,1.5684324611694225,1.2523707363115055,1.0028149052260633,0.7109723117030933,0.78,0.938,3.03966748046875,4.966725570678711,4.453835204807783,5.986264247504456,,
Chronos-2 (joint),1,4,-0.013445016861540298,1.6459874897220979,1.6428762832210597,1.2817473554570182,1.0120601996691552,0.7207554321952961,0.774,0.95,3.111302734375,5.052890610218048,4.627680970044049,6.261690303183932,,
Chronos-2 (joint),1,5,0.07575997527669534,1.4521554865560884,1.4549907494369012,1.206229973693616,0.9736206039986177,0.6847030648457239,0.812,0.956,3.15371875,5.108512193679809,4.235064530135167,5.743501420953232,,
Chronos-2 (joint),1,6,0.11011599492001696,1.4008221040640743,1.4101459921931714,1.187495680915586,0.9504967857146116,0.6743831257817634,0.81,0.964,3.186140625,5.152671372413635,4.2383835320384575,5.513502705791952,,
Chronos-2 (joint),1,7,0.030948030891731673,1.5139693732683848,1.5118992151379236,1.2295931095845989,0.954180664517085,0.688132579154525,0.808,0.962,3.1993203125,5.172426256656647,4.42637934795434,6.3118846262818336,,
Chronos-2 (joint),1,8,0.05360320276316323,1.5462943825521327,1.5460750971334978,1.2434126817487015,0.9708325998415875,0.6970206764075052,0.816,0.948,3.2084609375,5.185645006656647,4.4952571086360855,6.27398485000567,,
Chronos-2 (joint),1,9,-0.06620789420332546,1.341586981583049,1.343287292874724,1.1590027147831552,0.9525848186326681,0.6621279287632508,0.834,0.98,3.209818359375,5.201157214641571,3.9937085957688607,5.543554457392385,,
Chronos-2 (joint),1,10,0.059108070733965394,1.4642802458006026,1.4648454493348912,1.2103079977158258,0.9753429328001988,0.6858117278890747,0.818,0.96,3.202630859375,5.210318345069886,4.32853594403291,5.807736616851109,,
Chronos-2 (joint),1,11,0.0242803949923021,1.5720696136299073,1.5695150119836294,1.2528028623784468,0.9866170300971688,0.7034373436063024,0.81,0.952,3.21269921875,5.214472885131836,4.537426491220106,6.369706002537263,,
Chronos-2 (joint),1,12,-0.09862930556291179,1.644704545197155,1.6511428760225861,1.284968044747645,1.0147724167692167,0.7223461897053112,0.79,0.948,3.1980908203125,5.1959355325698855,4.55872742336779,6.3640602985168755,,
Chronos-2 (joint),1,13,-0.029930810516159853,1.6244746807364927,1.622121584793173,1.273625370661708,1.0220976640952188,0.717990288880262,0.798,0.956,3.19690234375,5.1928041853904725,4.462761044069404,5.995973923247151,,
Chronos-2 (joint),1,14,-0.04617263515914995,1.655134663990788,1.653956306900347,1.286062326211427,1.0231795000268382,0.726231651107506,0.786,0.958,3.21019140625,5.201904038906098,4.5917402624245565,5.995383672307102,,
Chronos-2 (joint),1,15,0.01001021456347274,1.4235901529414596,1.4208431770311822,1.1919912655012126,0.9448731454663429,0.6746381824311671,0.822,0.964,3.208799560546875,5.214238266468048,4.26617216148655,5.694447904753914,,
Chronos-2 (joint),1,16,0.004945567244449555,1.4565659874434884,1.4536773141039685,1.2056854125782432,0.9707276479169042,0.6838040351291,0.814,0.962,3.212140625,5.230797351360321,4.261553436568441,5.890442210826586,,
Chronos-2 (joint),1,17,0.041969920237896266,1.6035011899197746,1.6020556617447113,1.265723374890703,1.002576142781277,0.7140667959779916,0.808,0.956,3.22875,5.247881335735321,4.526621279143293,6.253098962205768,,
Chronos-2 (joint),1,18,0.056501094053413144,1.715572205441848,1.715333434660196,1.3097073851285241,1.0486602279025774,0.7403549848619114,0.78,0.956,3.23340625,5.246783679485321,4.612736101304967,6.13245084014088,,
Chronos-2 (joint),1,19,0.0030219311988870343,1.5381775682390797,1.5351103451707702,1.2389957002228742,0.9773495215941147,0.6954703085338884,0.81,0.954,3.215203125,5.242015125751496,4.468353774429717,6.1256532367891365,,
Chronos-2 (joint),1,20,-0.033184678492751495,1.6681583150715311,1.6659232213280544,1.2907064814775102,1.0398715278580541,0.7306705633925533,0.778,0.952,3.218640625,5.232215321063995,4.527480352327202,5.965418213210729,,
Chronos-2 (joint),1,21,-0.07716533023812298,1.5269229538880993,1.5298235961710813,1.2368603786083057,1.0024257290225986,0.7001455148172773,0.806,0.968,3.2252578125,5.251396961688996,4.278145115740838,5.943253836799579,,
Chronos-2 (joint),1,22,-0.0819490221666586,1.4295300247247027,1.4333866069093248,1.19724124841626,0.9759641834512748,0.6825532983124832,0.806,0.978,3.2300625,5.259207508563995,4.175220467646951,5.641139074038913,,
Chronos-2 (joint),1,23,-0.09687943568384662,1.6800222981547757,1.6860478786168895,1.298479063603603,1.0564820083538988,0.739170111785993,0.78,0.954,3.2259296875,5.253984852313995,4.535971700203021,5.940108621681816,,
Chronos-2 (joint),1,24,-0.07332607970285766,1.6914097253902025,1.6934036199040108,1.3013084261250332,1.0554584707842125,0.7406615117763283,0.77,0.962,3.2250546875,5.249006336212158,4.5707007694516975,5.8413218670056075,,
Chronos-2 (joint),1,avg_all,-0.0008745372473670451,1.5203124734157765,1.520749432618602,1.2316463340174895,0.9845878682580859,0.6963430376184184,0.7993333333333333,0.9578333333333333,3.154989181518555,5.12945533678929,4.3673199666628095,5.908659576231705,,
Chronos-2 (joint),2,1,0.018581113917751843,1.080580707345513,1.0787648037252455,1.0386360304385966,0.8343554376355236,0.5892894378346505,0.76,0.946,2.4934503021240233,4.1173601846694945,3.6494990454977394,4.908240683073023,,
Chronos-2 (joint),2,2,0.07372134382710474,1.3536559790669638,1.3563835036445044,1.1646387867680281,0.9116745010744848,0.6516815285646762,0.774,0.946,2.823607421875,4.615653795242309,4.177307831450859,5.739962917316796,,
Chronos-2 (joint),2,3,0.08506569706364542,1.411210270449696,1.415624022725724,1.1897999927406808,0.930929912518243,0.6687387083573512,0.772,0.96,2.976515625,4.860114730834961,4.212662364858078,5.66364163118811,,
Chronos-2 (joint),2,4,0.05329928821291769,1.3110508520648851,1.3112695644847587,1.145106791738115,0.9284087857044253,0.6501232981301683,0.802,0.968,3.040009765625,4.934589341163635,3.986667499770294,5.275285952589916,,
Chronos-2 (joint),2,5,0.008549674287349153,1.4699451918799038,1.4670783984265663,1.211230117866364,0.9847485782108847,0.6859052058486799,0.8,0.96,3.0782890625,4.984106917858123,4.174580708560969,5.607567138990112,,
Chronos-2 (joint),2,6,0.004934992366303962,1.5314224283928843,1.5283839376857569,1.236278260621676,0.9681943878209501,0.6902606003750622,0.8,0.952,3.111748046875,5.029406234741211,4.377252242024244,6.040144803007852,,
Chronos-2 (joint),2,7,0.028524269083579253,1.3332896073398857,1.33143666205196,1.1538789633457922,0.9120934148761151,0.6489199267056309,0.816,0.966,3.1230234375,5.0426000843048095,4.100476264913801,5.683810840941344,,
Chronos-2 (joint),2,8,0.0369848062760597,1.3212927774848293,1.3200180678251368,1.1489203922923192,0.9188229458394113,0.6519807692111578,0.81,0.97,3.1284140625,5.049850082397461,4.101351176451076,5.416652038370131,,
Chronos-2 (joint),2,9,-0.056365838461639284,1.5160357652997711,1.5161808015146556,1.231332936908071,0.9801334944975031,0.6931139800191388,0.8,0.95,3.12973046875,5.067458483695984,4.395288131660958,6.254198129709572,,
Chronos-2 (joint),2,10,-0.12175522819195644,1.4199740698639878,1.4319584573163342,1.1966446662716272,0.9410503460440305,0.67246622675169,0.816,0.95,3.1238046875,5.0753344583511355,4.301686494039997,5.963056223906304,,
Chronos-2 (joint),2,11,-0.03023665020413316,1.4968272199554953,1.494747820531151,1.2225987978609953,0.978122789257294,0.694828157475535,0.784,0.96,3.13034765625,5.0777475414276125,4.340001461678649,5.727911126049566,,
Chronos-2 (joint),2,12,0.01899918764347094,1.520695593205411,1.5180151711501138,1.2320775832511983,0.9771422870601519,0.6943745952495116,0.788,0.966,3.1170703125,5.06041453742981,4.37315535372679,5.850961758580594,,
Chronos-2 (joint),2,13,-0.06319193258401917,1.6907151237714857,1.6913269138676463,1.3005102513504638,1.0358165234124392,0.7338433696140179,0.77,0.946,3.11653125,5.057512190341949,4.587833266087081,6.476702494308224,,
Chronos-2 (joint),2,14,-0.04892122072323199,1.5982300680568176,1.5974268937577558,1.263893545263111,0.9978110836771512,0.7117210379755866,0.784,0.946,3.1300234375,5.068305157184601,4.510376633888987,6.220946927446862,,
Chronos-2 (joint),2,15,-0.07944183306442983,1.3933949016145062,1.396919116651915,1.181913328739428,0.941406428761962,0.6653617851892766,0.826,0.96,3.126046875,5.076307115077973,4.218898898380768,5.785194467727519,,
Chronos-2 (joint),2,16,-0.0771553237064867,1.515492719762052,1.518414678298781,1.2322397000173226,1.004512733775646,0.6994062773825228,0.798,0.964,3.12891015625,5.091906724452972,4.2984992069219965,5.8378562495325905,,
Chronos-2 (joint),2,17,-0.04706996877596336,1.3836335097821972,1.3830818247232044,1.176044992644076,0.9484103093335278,0.6664435856390778,0.812,0.97,3.145796875,5.108855944156646,4.084432307547268,5.727162523570671,,
Chronos-2 (joint),2,18,-0.006697814649323177,1.57374139918094,1.5706387771036567,1.2532512825062885,0.9812078135480278,0.6995532914907613,0.796,0.96,3.150296875,5.106207507133484,4.454346120991691,6.187617695809288,,
Chronos-2 (joint),2,19,-0.03599152565280462,1.4218455121264233,1.4202972110209873,1.191762229230725,0.9436374961116815,0.6718533120403934,0.802,0.966,3.1324140625,5.100906726837159,4.229142606144748,5.806026831020886,,
Chronos-2 (joint),2,20,0.022265619647054615,1.5581651445703122,1.5555445720994374,1.2472147257386907,1.0004940812600505,0.7063062764536797,0.792,0.96,3.1356015625,5.092043442726135,4.349922174384147,5.836796625417095,,
Chronos-2 (joint),2,21,0.046598606066363873,1.3972175446218136,1.396594539619897,1.1817760107651099,0.9291869121389726,0.6652444713032148,0.812,0.964,3.141234375,5.111290514945984,4.263274238942708,5.800052079017359,,
Chronos-2 (joint),2,22,-0.018952279033208723,1.3091791278422835,1.306919958467153,1.1432060000136253,0.9300587571515964,0.6501884240961485,0.824,0.974,3.14746875,5.1197182502746585,4.0312333127012225,5.427494438336908,,
Chronos-2 (joint),2,23,0.0027798094290281054,1.5826169857408092,1.579459479109791,1.256765482940151,0.9968383224357584,0.7104472926183133,0.78,0.948,3.1428515625,5.112610826492309,4.478277071329958,5.995519872449291,,
Chronos-2 (joint),2,24,-0.015762185207172673,1.6326920493251982,1.629675111709052,1.2765872910651477,1.0304196357029163,0.7246975517958216,0.774,0.956,3.14150390625,5.108977038383484,4.486086642975808,5.996165319178549,,
Chronos-2 (joint),2,avg_all,-0.008384891351405827,1.4509543561976697,1.4506733453129659,1.2031795066824003,0.9585615407436977,0.6790312129217528,0.7955,0.9586666666666667,3.079778772354126,5.002886576255163,4.25759379395541,5.801207031980773,,
Chronos-2 (joint),-1,1,,,,,,,,,,,,,3.4015720029513603,0.5999930618073075
Chronos-2 (joint),-1,2,,,,,,,,,,,,,3.750351535578259,0.6287524658642402
Chronos-2 (joint),-1,3,,,,,,,,,,,,,4.310812414817684,0.6769533556173385
Chronos-2 (joint),-1,4,,,,,,,,,,,,,4.508177141760208,0.6920051705304759
Chronos-2 (joint),-1,5,,,,,,,,,,,,,4.430656830136569,0.6888473435486868
Chronos-2 (joint),-1,6,,,,,,,,,,,,,4.429216128819226,0.6853877869213099
Chronos-2 (joint),-1,7,,,,,,,,,,,,,4.179988309499351,0.6641364974264876
Chronos-2 (joint),-1,8,,,,,,,,,,,,,4.3741474994368525,0.6804023224684842
Chronos-2 (joint),-1,9,,,,,,,,,,,,,4.446543039041295,0.687311074665357
Chronos-2 (joint),-1,10,,,,,,,,,,,,,4.355634681824899,0.6806491950118236
Chronos-2 (joint),-1,11,,,,,,,,,,,,,4.648867678867757,0.7042639354101838
Chronos-2 (joint),-1,12,,,,,,,,,,,,,4.576992569604299,0.6969966403989747
Chronos-2 (joint),-1,13,,,,,,,,,,,,,4.677906165531097,0.7044307073819136
Chronos-2 (joint),-1,14,,,,,,,,,,,,,4.62089606623163,0.7010366772877072
Chronos-2 (joint),-1,15,,,,,,,,,,,,,4.200036489350259,0.6683237528865974
Chronos-2 (joint),-1,16,,,,,,,,,,,,,4.453589055872359,0.6890388323151664
Chronos-2 (joint),-1,17,,,,,,,,,,,,,4.362052832437998,0.6812262792293882
Chronos-2 (joint),-1,18,,,,,,,,,,,,,4.714786108565893,0.704438378208176
Chronos-2 (joint),-1,19,,,,,,,,,,,,,4.407293671532638,0.6827333582675977
Chronos-2 (joint),-1,20,,,,,,,,,,,,,4.63056420695769,0.7002016802948472
Chronos-2 (joint),-1,21,,,,,,,,,,,,,4.215078641282837,0.6685403501559044
Chronos-2 (joint),-1,22,,,,,,,,,,,,,4.124296407603815,0.6685672341079166
Chronos-2 (joint),-1,23,,,,,,,,,,,,,4.674492723702487,0.7073367437510376
Chronos-2 (joint),-1,24,,,,,,,,,,,,,4.846611161826526,0.7225734489748549
Chronos-2 (joint),-1,avg_all,,,,,,,,,,,,,4.3891901401347075,0.6826727621888241
